../../psi/psi-mirror/zixins_tests/probmods_webppl_to_psi/ch04_patterns_of_inference_math/causal_chain_math1.m,"0","True","0","0","0","0","True","0.","-0.05","0.","0","True","0","0","0","0","True","0","0","0"
../../psi/psi-mirror/zixins_tests/probmods_webppl_to_psi/ch04_patterns_of_inference_math/causal_chain_math2.m,"0","True","0","0","0","0","True","0.","-0.05","0.","0","True","0","0","0","0","True","0","0","0"
../../psi/psi-mirror/zixins_tests/probmods_webppl_to_psi/ch04_patterns_of_inference_math/causal_chain_math3.m,"Abs[1/10 + (-1 - 10*eps)/10]","True","0.010000000000000009","0.010000000000000002","6.4624724516972485","Abs[eps - eps*Boole[r1 >= 1]]","False","0.010000000000000002","-0.010000000000000002","0","Abs[eps]/2","True","0.005000000000000001","-0.010000000000000002","0","((9 - 10*eps)*Log[1 - (10*eps)/9])/Log[1024]","False","0.014506804920809564","-0.010000000000000002","0"
../../psi/psi-mirror/zixins_tests/probmods_webppl_to_psi/ch04_patterns_of_inference_math/causal_chain_math4.m,"0","True","0","0","0","0","True","0.","-0.04000000000000001","0.","0","True","0","0","0","0","True","0","0","0"
../../psi/psi-mirror/zixins_tests/probmods_webppl_to_psi/ch04_patterns_of_inference_math/common_cause_math1.m,"Abs[41/140 - (-41 + 62*eps)/(20*(-7 + 4*eps))]","False","0.014180672268907568","0.05","6.4624724516972485","(27*Abs[eps]*(-1 + Boole[r1 >= 1]))/(-98 + 56*eps)","False","0.01418058422196643","0.049999698422868125","0.","(-27*Abs[eps])/(2*(-98 + 56*eps))","False","0.007090246696001399","0.04999938731325501","0.","(9*(-11 + 2*eps)*Log[(77 - 14*eps)/(77 - 44*eps)])/(20*(-7 + 4*eps)*Log[2])","False","0.020662158819781454","0.05","0"
../../psi/psi-mirror/zixins_tests/probmods_webppl_to_psi/ch04_patterns_of_inference_math/common_cause_math2.m,"Abs[41/140 - (41 + 10*eps)/(20*(7 + 5*eps))]","False","0.006650246305418717","0.05","6.4624724516972485","(27*Abs[(eps*(-1 + Boole[r1 >= 1]))/(7 + 5*eps)])/28","False","0.0071428571428571435","-0.05","0","(27*Abs[eps/(7 + 5*eps)])/56","False","0.0035714285714285718","-0.05","0","(9*(11 + 10*eps)*Log[(77 + 70*eps)/(77 + 55*eps)])/(20*(7 + 5*eps)*Log[2])","False","0.009639250759992191","0.05","0"
../../psi/psi-mirror/zixins_tests/probmods_webppl_to_psi/ch04_patterns_of_inference_math/common_cause_math3.m,"Abs[41/140 + (-41 - 50*eps)/140]","True","0.0035714285714285587","0.010000000000000002","6.4624724516972485","(5*Abs[eps*(-1 + Boole[r1 >= 1])])/14","False","0.003571428571428572","-0.010000000000000002","0","(5*Abs[eps])/28","True","0.001785714285714286","-0.010000000000000002","0","((99 - 50*eps)*Log[1 - (50*eps)/99])/(140*Log[2])","False","0.005165471758370651","-0.010000000000000002","0"
../../psi/psi-mirror/zixins_tests/probmods_webppl_to_psi/ch04_patterns_of_inference_math/common_cause_math4.m,"Abs[41/140 + (-41 - 90*eps)/140]","True","0.02571428571428569","0.04000000000000001","6.4624724516972485","(9*Abs[eps*(-1 + Boole[r1 >= 1])])/14","False","0.02571428571428572","-0.04000000000000001","0","(9*Abs[eps])/28","True","0.01285714285714286","-0.04000000000000001","0","(9*(11 - 10*eps)*Log[1 - (10*eps)/11])/(140*Log[2])","False","0.03776434889766016","-0.04000000000000001","0"
../../psi/psi-mirror/zixins_tests/probmods_webppl_to_psi/ch04_patterns_of_inference_math/common_cause_math5.m,"Abs[41/140 - (41 + 40*eps)/(20*(7 + 5*eps))]","False","0.00647171620325987","0.09000000000000001","1.9348909374090015","(15*Abs[(eps*(-1 + Boole[r1 >= 1]))/(7 + 5*eps)])/28","False","0.0073609596510359875","-0.09000000000000001","0","(15*Abs[eps/(7 + 5*eps)])/56","False","0.0036804798255179938","-0.09000000000000001","0","(3*(33 + 20*eps)*Log[(7*(33 + 20*eps))/(33*(7 + 5*eps))])/(20*(7 + 5*eps)*Log[2])","False","0.010674701330088505","-0.09000000000000001","0"
../../psi/psi-mirror/zixins_tests/probmods_webppl_to_psi/ch04_patterns_of_inference_math/explain_away_math1.m,"0","True","0.","0.","0.","0","True","0","0","0","0","True","0","0","0"
../../psi/psi-mirror/zixins_tests/probmods_webppl_to_psi/ch04_patterns_of_inference_math/explain_away_math2.m,"Piecewise[{{0, eps >= 0}, {1/45, r1 >= 1 && r2 >= 1}}, 1/90]","True","0.022222222222222223","-0.8080380817464904","1.","(3*Piecewise[{{0, eps >= 0}}, 1/90] + Piecewise[{{0, eps >= 0}}, 1/45])/2","True","0.027777777777777776","-0.8080380817464904","0","Piecewise[{{0, eps >= 0}}, (2*Log[10/9])/(9*Log[2])] + 3*Piecewise[{{0, eps >= 0}}, Log[10/9]/Log[512]]","True","0.0844461630250278","-0.8080380817464904","0"
../../psi/psi-mirror/zixins_tests/probmods_webppl_to_psi/ch04_patterns_of_inference_math/explain_away_math3.m,"0","True","0.","0.","0.","0","True","0","0","0","0","True","0","0","0"
../../psi/psi-mirror/zixins_tests/probmods_webppl_to_psi/ch04_patterns_of_inference_math/explain_away_math4.m,"Piecewise[{{0, eps >= 0}, {1/45, r1 >= 1 && r2 >= 1}}, 1/90]","True","0.022222222222222223","-0.8080380817464904","1.","(3*Piecewise[{{0, eps >= 0}}, 1/90] + Piecewise[{{0, eps >= 0}}, 1/45])/2","True","0.027777777777777776","-0.8080380817464904","0","Piecewise[{{0, eps >= 0}}, (2*Log[10/9])/(9*Log[2])] + 3*Piecewise[{{0, eps >= 0}}, Log[10/9]/Log[512]]","True","0.0844461630250278","-0.8080380817464904","0"
../../psi/psi-mirror/zixins_tests/probmods_webppl_to_psi/ch04_patterns_of_inference_math/of_blickets_and_blocking_math1.m,"Abs[75364/129301 - (37682*(2 + 5*eps))/(129301 + 98515*eps)]","False","0.03932400609986886","0.04000000000000001","6.4624724516972485","(16937116950*Abs[(eps*(-1 + Boole[r1 >= 1]))/(129301 + 98515*eps)])/129301","False","0.041796241007178464","-0.04000000000000001","0","(8468558475*Abs[eps/(129301 + 98515*eps)])/129301","False","0.020898120503589232","-0.04000000000000001","0","(-17979*(-3 + 5*eps)*Log[(-129301*(-3 + 5*eps))/(387903 + 295545*eps)])/((129301 + 98515*eps)*Log[2])","False","0.06322398963490108","-0.04000000000000001","0"
../../psi/psi-mirror/zixins_tests/probmods_webppl_to_psi/ch04_patterns_of_inference_math/of_blickets_and_blocking_math2.m,"Abs[75364/129301 - (4*(18841 + 1615*eps))/(129301 + 98515*eps)]","False","0.01529857423540193","0.04000000000000001","6.4624724516972485","(6589200000*Abs[(eps*(-1 + Boole[r1 >= 1]))/(129301 + 98515*eps)])/129301","False","0.016260370171471264","-0.04000000000000001","0","(3294600000*Abs[eps/(129301 + 98515*eps)])/129301","False","0.008130185085735632","-0.04000000000000001","0","(3*(17979 + 30685*eps)*Log[(129301*(17979 + 30685*eps))/(17979*(129301 + 98515*eps))])/((129301 + 98515*eps)*Log[2])","False","0.02247104464803598","0.04000000000000001","0"
../../psi/psi-mirror/zixins_tests/probmods_webppl_to_psi/ch04_patterns_of_inference_math/of_blickets_and_blocking_math3.m,"0","True","0","0","0","0","True","0.","-0.005000000000000001","0.","0","True","0","0","0","0","True","0","0","0"
../../psi/psi-mirror/zixins_tests/probmods_webppl_to_psi/ch04_patterns_of_inference_math/of_blickets_and_blocking_math4.m,error,,,,,"Piecewise[{{118218/646505, r1 < 1 && eps != 0}}, 0]","True","0.18285705446980302","-0.08160761634929807","0","Piecewise[{{118218/646505, eps != 0}}, 0]/2","True","0.09142852723490151","-0.08160761634929807","0","Piecewise[{{(3*Log[129301/89895])/Log[32], eps != 0}}, 0]","True","0.31465239185829125","-0.08160761634929807","0"
../../psi/psi-mirror/zixins_tests/probmods_webppl_to_psi/ch04_patterns_of_inference_math/of_blickets_and_blocking_math5.m,"0","True","0","0","0","0","True","0.","-0.005000000000000001","0.","0","True","0","0","0","0","True","0","0","0"
../../psi/psi-mirror/zixins_tests/probmods_webppl_to_psi/ch04_patterns_of_inference_math/of_blickets_and_blocking_math6.m,error,,,,,"Piecewise[{{395352000/2436160141, r1 < 1 && eps != 0}}, 0]","True","0.1622848980025242","-0.08160761634929807","0","Piecewise[{{395352000/2436160141, eps != 0}}, 0]/2","True","0.0811424490012621","-0.08160761634929807","0","Piecewise[{{(10917*Log[156842113/112914113])/(18841*Log[2]), eps != 0}}, 0]","True","0.27469930377162155","-0.08160761634929807","0"
../../psi/psi-mirror/zixins_tests/probmods_webppl_to_psi/ch04_patterns_of_inference_math/of_blickets_and_blocking_math7.m,"Abs[75364/129301 - (4*(18841 + 1220*eps))/(129301 + 74420*eps)]","False","0.0014843565085451704","0.005000000000000001","6.4624724516972485","(4977600000*Abs[(eps*(-1 + Boole[r1 >= 1]))/(129301 + 74420*eps)])/129301","False","0.0014929244720789038","-0.005000000000000001","0","(2488800000*Abs[eps/(129301 + 74420*eps)])/129301","False","0.0007464622360394519","-0.005000000000000001","0","(3*(17979 + 23180*eps)*Log[(129301*(17979 + 23180*eps))/(17979*(129301 + 74420*eps))])/((129301 + 74420*eps)*Log[2])","False","0.0021452793599798458","0.005000000000000001","0"
../../psi/psi-mirror/zixins_tests/probmods_webppl_to_psi/ch04_patterns_of_inference_math/of_blickets_and_blocking_math8.m,"Abs[75364/129301 - (4*(-18841 - 12350*eps + 7600*eps^2))/(-129301 - 92720*eps + 30400*eps^2)]","False","0.003788533435237884","0.09000000000000001","6.4624724516972485","(2280*(263281 + 719160*eps)*Abs[eps]*(-1 + Boole[r1 >= 1]))/(129301*(-129301 + 1520*eps*(-61 + 20*eps)))","False","0.0037884428179482126","0.08999811196093137","0.","(-1140*(263281 + 719160*eps)*Abs[eps])/(129301*(-129301 + 1520*eps*(-61 + 20*eps)))","False","0.001894175671948338","0.08999620606152568","0.","(-3*(17979 + 14440*eps)*Log[(-129301*(17979 + 14440*eps))/(17979*(-129301 + 1520*eps*(-61 + 20*eps)))])/((-129301 + 1520*eps*(-61 + 20*eps))*Log[2])","False","0.005490443605745152","0.09000000000000001","0"
../../psi/psi-mirror/zixins_tests/probmods_webppl_to_psi/ch04_patterns_of_inference_math/of_blickets_and_blocking_math9.m,"Abs[75364/129301 + (4*(18841 + 1140*eps))/(-129301 - 139080*eps + 68400*eps^2)]","False","0.0029820598876011406","-0.004999857997997675","1.","(4560*(-2169301 + 1130460*eps)*Abs[eps]*Piecewise[{{1, r1 < 1}}, 0])/(129301*(-129301 + 2280*eps*(-61 + 30*eps)))","False","0.0029821452620246904","-0.005000000000000001","0","(2280*(-2169301 + 1130460*eps)*Abs[eps])/(129301*(-129301 + 2280*eps*(-61 + 30*eps)))","False","0.0014910726310123452","-0.005000000000000001","0","(3*(-17979 + 760*eps*(-59 + 30*eps))*Log[(129301*(-17979 + 760*eps*(-59 + 30*eps)))/(17979*(-129301 + 2280*eps*(-61 + 30*eps)))])/((-129301 + 2280*eps*(-61 + 30*eps))*Log[2])","False","0.004249033823182364","0.005000000000000001","0"
../../psi/psi-mirror/zixins_tests/probmods_webppl_to_psi/ch04_patterns_of_inference_math/screen_off_math1.m,"0","True","0.","-0.05","0.","0","True","0","0","0","0","True","0","0","0"
../../psi/psi-mirror/zixins_tests/probmods_webppl_to_psi/ch04_patterns_of_inference_math/screen_off_math2.m,"Abs[eps*(-1 + Boole[r1 >= 1])*(9 + Boole[r2 >= 1])]/10","False","0.05","-0.05","0","(19*Abs[eps])/20","True","0.0475","-0.05","0","(19*(1 - 2*eps)*Log[1 - 2*eps])/(20*Log[2])","False","0.1436911823186821","-0.05","0"
../../psi/psi-mirror/zixins_tests/probmods_webppl_to_psi/ch04_patterns_of_inference_math/screen_off_math3.m,"Abs[eps*(1 + Boole[r1 >= 1])*(-1 + Boole[r2 >= 1])]/2","False","0.010000000000000002","-0.010000000000000002","1.","(3*Abs[eps])/4","True","0.0075000000000000015","-0.010000000000000002","0","(3*(9 - 10*eps)*Log[1 - (10*eps)/9])/(20*Log[2])","False","0.02176020738121435","-0.010000000000000002","0"
../../psi/psi-mirror/zixins_tests/probmods_webppl_to_psi/ch04_patterns_of_inference_math/screen_off_math4.m,"0","True","0.","-0.04000000000000001","0.","0","True","0","0","0","0","True","0","0","0"
../../psi/psi-mirror/zixins_tests/probmods_webppl_to_psi/ch04_patterns_of_inference_math/screen_off_math5.m,"0","True","0.","-0.09000000000000001","0.","0","True","0","0","0","0","True","0","0","0"
../../psi/psi-mirror/zixins_tests/probmods_webppl_to_psi/ch04_patterns_of_inference_math/trait_attribution_math1.m,"Abs[5/8 + (5*(4 + 5*eps))/(-32 + 35*eps)]","False","0.12842465753424648","0.08000000000000002","6.4624724516972485","(375*Abs[eps]*(-1 + Boole[r1 >= 1]))/(8*(-32 + 35*eps))","False","0.12842458421285566","0.07999995832216408","0.","(-375*Abs[eps])/(16*(-32 + 35*eps))","False","0.0642122466423102","0.07999990663612205","0.","(12*(-1 + 5*eps)*Log[(32*(-1 + 5*eps))/(-32 + 35*eps)])/((-32 + 35*eps)*Log[2])","False","0.1759227574801471","-0.08000000000000002","0"
../../psi/psi-mirror/zixins_tests/probmods_webppl_to_psi/ch04_patterns_of_inference_math/trait_attribution_math2.m,"Abs[5/8 - (5*(-2 + 5*eps))/(2*(-8 + 15*eps))]","False","0.03676470588235303","0.08000000000000002","6.4624724516972485","(25*Abs[eps]*(-1 + Boole[r1 >= 1]))/(8*(-8 + 15*eps))","False","0.036764620369377894","0.07999984183514616","0.","(-25*Abs[eps])/(16*(-8 + 15*eps))","False","0.018382264713063885","0.07999967362633095","0.","((-6 + 5*eps)*Log[(4*(-6 + 5*eps))/(-24 + 45*eps)])/((-8 + 15*eps)*Log[4])","False","0.055559238540042875","0.07999999962607263","0"
../../psi/psi-mirror/zixins_tests/probmods_webppl_to_psi/ch04_patterns_of_inference_math/trait_attribution_math3.m,"Abs[5/8 - (5*(-1 + 4*eps))/(4*(-2 + 5*eps))]","False","0.1088709677419355","0.09000000000000001","6.4624724516972485","(15*Abs[eps]*(-1 + Boole[r1 >= 1]))/(8*(-2 + 5*eps))","False","0.10887089244421237","0.08999995175925123","0.","(-15*Abs[eps])/(16*(-2 + 5*eps))","False","0.05443540077145678","0.08999989352179005","0.","(3*Log[1 - (5*eps)/2])/(4*(-2 + 5*eps)*Log[2])","False","0.17793473324697476","0.08999999957933169","0"
../../psi/psi-mirror/zixins_tests/probmods_webppl_to_psi/ch04_patterns_of_inference_math/trait_attribution_math4.m,"Abs[5/8 - (5*(-1 + eps))/(-8 + 5*eps)]","False","0.009615384615384581","0.04000000000000001","6.4624724516972485","(15*Abs[eps]*(-1 + Boole[r1 >= 1]))/(8*(-8 + 5*eps))","False","0.009615296137519182","0.03999964113369525","0.","(-15*Abs[eps])/(16*(-8 + 5*eps))","False","0.0048076026478158","0.03999927267874267","0.","(3*Log[1 - (5*eps)/8])/((-8 + 5*eps)*Log[2])","False","0.014048413855813095","0.04000000000000001","0"
../../psi/psi-mirror/zixins_tests/probmods_webppl_to_psi/ch04_patterns_of_inference_math/trait_attribution_math5.m,"Abs[5/8 + 5/(-8 + 5*eps)]","False","0.024350649350649345","0.06","6.4624724516972485","(25*Abs[eps]*(-1 + Boole[r1 >= 1]))/(8*(-8 + 5*eps))","False","0.02435056261040245","0.05999979428680298","0.","(-25*Abs[eps])/(16*(-8 + 5*eps))","False","0.012175235844736666","0.059999578658639675","0.","((-3 + 5*eps)*Log[(8*(1 + 5/(-8 + 5*eps)))/3])/((-8 + 5*eps)*Log[2])","False","0.03355352024797947","-0.06","0"
../../psi/psi-mirror/zixins_tests/probmods_webppl_to_psi/ch04_patterns_of_inference_math/trait_attribution_math6.m,"Abs[5/8 + 20/(-32 + 5*eps)]","False","0.001959247648902873","0.020000000000000004","6.4624724516972485","(25*Abs[eps]*(-1 + Boole[r1 >= 1]))/(8*(-32 + 5*eps))","False","0.001959157198819235","0.01999907957077163","0.","(-25*Abs[eps])/(16*(-32 + 5*eps))","False","0.0009795351711875072","0.019998195710532126","0.","((-12 + 5*eps)*Log[(96 - 40*eps)/(96 - 15*eps)])/((-32 + 5*eps)*Log[2])","False","0.0028162653618921058","-0.020000000000000004","0"
../../psi/psi-mirror/zixins_tests/probmods_webppl_to_psi/ch03_conditioning_math/bayes_rule_math1.m,"Abs[9/10 - (9*(1 + 2*eps))/(2*(5 + 8*eps))]","False","0.016666666666666607","0.05","1.9348909374090015","(9*Abs[(eps*(-1 + Boole[r1 >= 1]))/(5 + 8*eps)])/5","False","0.01956521739130435","-0.05","0","(9*Abs[eps/(5 + 8*eps)])/10","False","0.009782608695652175","-0.05","0","((1 - 2*eps)*Log[(5 - 10*eps)/(5 + 8*eps)])/((5 + 8*eps)*Log[4])","False","0.030823644911851935","-0.0499999999961868","0"
../../psi/psi-mirror/zixins_tests/probmods_webppl_to_psi/ch03_conditioning_math/bayes_rule_math2.m,"Abs[9/10 - (9 + 10*eps)/(10*(1 + eps))]","False","0.008256880733945038","0.09000000000000001","1.9348909374090015","-(Abs[eps]*(-1 + Boole[r1 >= 1]))/(10*(1 + eps))","False","0.009890109890109891","-0.09000000000000001","0","Abs[eps]/(20*(1 + eps))","False","0.004945054945054945","-0.09000000000000001","0","-Log[1 + eps]/(2*(1 + eps)*Log[32])","False","0.014951818633419857","-0.08999999999313632","0"
../../psi/psi-mirror/zixins_tests/probmods_webppl_to_psi/ch03_conditioning_math/bayes_rule_math3.m,"Abs[9/10 - 9/(10*(1 + eps))]","False","0.009090827204156993","-0.009999910825318786","1.","(9*Abs[(eps*(-1 + Boole[r1 >= 1]))/(1 + eps)])/10","False","0.009090909090909094","-0.010000000000000002","0","(9*Abs[eps/(1 + eps)])/20","False","0.004545454545454547","-0.010000000000000002","0","-((1 + 10*eps)*Log[(1 + eps)/(1 + 10*eps)])/(10*(1 + eps)*Log[2])","False","0.013412183549519934","0.010000000000000002","0"
../../psi/psi-mirror/zixins_tests/probmods_webppl_to_psi/ch03_conditioning_math/hypothetical_reasoning_math1.m,"Abs[3/4 - (3*(1 + 2*eps))/(4*(1 + eps))]","False","0.0357142857142857","0.05","6.4624724516972485","(3*Abs[(eps*(-1 + Boole[r1 >= 1]))/(1 + eps)])/4","False","0.039473684210526314","-0.05","0","(3*Abs[eps/(1 + eps)])/8","False","0.019736842105263157","-0.05","0","((-1 + 2*eps)*ArcTanh[(3*eps)/(2 - eps)])/((1 + eps)*Log[4])","False","0.061224872550832525","-0.0499999999961868","0"
../../psi/psi-mirror/zixins_tests/probmods_webppl_to_psi/ch03_conditioning_math/hypothetical_reasoning_math2.m,"Abs[3/4 - (3 + 2*eps)/(4*(1 + eps))]","False","0.011904761904761973","0.05","6.4624724516972485","Abs[(eps*(-1 + Boole[r1 >= 1]))/(1 + eps)]/4","False","0.013157894736842105","-0.05","0","Abs[eps/(1 + eps)]/8","False","0.006578947368421052","-0.05","0","((1 + 2*eps)*ArcTanh[eps/(2 + 3*eps)])/((1 + eps)*Log[4])","False","0.017577527486759684","0.05","0"
../../psi/psi-mirror/zixins_tests/probmods_webppl_to_psi/ch03_conditioning_math/hypothetical_reasoning_math3.m,"Abs[3/4 - (3 + 2*eps)/(4*(1 + eps))]","False","0.011904761904761973","0.05","6.4624724516972485","Abs[(eps*(-1 + Boole[r1 >= 1]))/(1 + eps)]/4","False","0.013157894736842105","-0.05","0","Abs[eps/(1 + eps)]/8","False","0.006578947368421052","-0.05","0","((1 + 2*eps)*ArcTanh[eps/(2 + 3*eps)])/((1 + eps)*Log[4])","False","0.017577527486759684","0.05","0"
../../psi/psi-mirror/zixins_tests/probmods_webppl_to_psi/ch03_conditioning_math/medical_diagnosis_math1.m,,,,,,"(250000000*Abs[(eps*(3081375*(-118786014839762445412 + 293078540414061347229577*Boole[r2 >= 1]) + 349*Boole[r1 >= 1]*(-2662290863354461980954217508 + 75703862747294614724113133*Boole[r2 >= 1])))/(22225920220859055263 + 26373561843685776300*eps)])/22225920220859055263","False","0.00047096445648012945","-0.001","1.","(229073802879445298522223892520875000000*Abs[eps/(22225920220859055263 + 26373561843685776300*eps)])/22225920220859055263","False","0.00046427100450534774","-0.0009999999824634447","0","(49055490000*(274923 + 242300*eps)*Log[(22225920220859055263*(274923 + 242300*eps))/(274923*(22225920220859055263 + 26373561843685776300*eps))])/((22225920220859055263 + 26373561843685776300*eps)*Log[2]) + (6162750*(1868005738019 + 3864892051900*eps + 7960*(274923 + 242300*eps))*Log[(22225920220859055263*(1868005738019 + 3864892051900*eps + 7960*(274923 + 242300*eps)))/(1870194125099*(22225920220859055263 + 26373561843685776300*eps))])/((22225920220859055263 + 26373561843685776300*eps)*Log[2]) + ((49055490000*(274923 + 242300*eps) + 2778040*(3724245706599 + 657203909900*eps))*Log[(22225920220859055263*(49055490000*(274923 + 242300*eps) + 2778040*(3724245706599 + 657203909900*eps)))/(10359590025237555960*(22225920220859055263 + 26373561843685776300*eps))])/((22225920220859055263 + 26373561843685776300*eps)*Log[2]) + ((6162750*(1868005738019 + 3864892051900*eps + 7960*(274923 + 242300*eps)) + 349*(1015122732506897 + 2056084400439700*eps + 7960*(3724245706599 + 657203909900*eps)))*Log[(6162750*(1868005738019 + 3864892051900*eps + 7960*(274923 + 242300*eps)) + 349*(1015122732506897 + 2056084400439700*eps + 7960*(3724245706599 + 657203909900*eps)))/(22225920220859055263 + 26373561843685776300*eps)])/((22225920220859055263 + 26373561843685776300*eps)*Log[2])","False","0.0000204826166271075","-0.0010000000000000002","0"
../../psi/psi-mirror/zixins_tests/probmods_webppl_to_psi/ch03_conditioning_math/medical_diagnosis_math2.m,,,,,,"(3093750000*Abs[(eps*(-30660118557034937*(2188387080 + 1868005738019*Boole[r2 >= 1]) + 1870194125099*Boole[r1 >= 1]*(29644995824528040 + 1015122732506897*Boole[r2 >= 1])))/(22225920220859055263 + 14945322162751292565*eps)])/22225920220859055263","False","0.007280085663008742","-0.020000000000000004","0","(174460074880506361381903142384015625000*Abs[eps/(22225920220859055263 + 14945322162751292565*eps)])/22225920220859055263","False","0.007159567856280303","-0.019999999998474738","0","(-46341467176430250*(-249 + 5*eps)*Log[(-22225920220859055263*(-249 + 5*eps))/(249*(22225920220859055263 + 14945322162751292565*eps))])/((22225920220859055263 + 14945322162751292565*eps)*Log[2]) + ((-54162580230000*(-249 + 5*eps) + 29644995824528040*(349 + 495*eps))*Log[(22225920220859055263*(-54162580230000*(-249 + 5*eps) + 29644995824528040*(349 + 495*eps)))/(10359590025237555960*(22225920220859055263 + 14945322162751292565*eps))])/((22225920220859055263 + 14945322162751292565*eps)*Log[2]) + ((-46287304596200250*(-249 + 5*eps) + 30660118557034937*(349 + 495*eps))*Log[(-46287304596200250*(-249 + 5*eps) + 30660118557034937*(349 + 495*eps))/(22225920220859055263 + 14945322162751292565*eps)])/((22225920220859055263 + 14945322162751292565*eps)*Log[2])","False","0.0005226725784443503","-0.020000000000000004","0"
../../psi/psi-mirror/zixins_tests/probmods_webppl_to_psi/ch03_conditioning_math/medical_diagnosis_math3.m,,,,,,"(155625000000*Abs[(eps*(-30660118557034937*(2188387080 + 1868005738019*Boole[r2 >= 1]) + 1870194125099*Boole[r1 >= 1]*(29644995824528040 + 1015122732506897*Boole[r2 >= 1])))/(22225920220859055263 + 751794993641428656300*eps)])/22225920220859055263","False","0.01869668668054603","-0.001","0","(8775870433383047269513915647195937500000*Abs[eps/(22225920220859055263 + 751794993641428656300*eps)])/22225920220859055263","False","0.01838717333609051","-0.001","0.","(-116555811383142750*(-99 + 100*eps)*Log[(-22225920220859055263*(-99 + 100*eps))/(99*(22225920220859055263 + 751794993641428656300*eps))])/((22225920220859055263 + 751794993641428656300*eps)*Log[2]) + ((-136227095730000*(-99 + 100*eps) + 29644995824528040*(349 + 24900*eps))*Log[(22225920220859055263*(-136227095730000*(-99 + 100*eps) + 29644995824528040*(349 + 24900*eps)))/(10359590025237555960*(22225920220859055263 + 751794993641428656300*eps))])/((22225920220859055263 + 751794993641428656300*eps)*Log[2]) + ((-116419584287412750*(-99 + 100*eps) + 30660118557034937*(349 + 24900*eps))*Log[(-116419584287412750*(-99 + 100*eps) + 30660118557034937*(349 + 24900*eps))/(22225920220859055263 + 751794993641428656300*eps)])/((22225920220859055263 + 751794993641428656300*eps)*Log[2])","False","0.0019484606777912597","-0.0009999999824634447","0"
../../psi/psi-mirror/zixins_tests/probmods_webppl_to_psi/ch03_conditioning_math/medical_diagnosis_math4.m,,,,,,"(30937500000*Abs[(eps*(-30660118557034937*(2188387080 + 1868005738019*Boole[r2 >= 1]) + 1870194125099*Boole[r1 >= 1]*(29644995824528040 + 1015122732506897*Boole[r2 >= 1])))/(22225920220859055263 + 149453221627512925650*eps)])/22225920220859055263","False","0.007280085663008742","-0.002","0","(1744600748805063613819031423840156250000*Abs[eps/(22225920220859055263 + 149453221627512925650*eps)])/22225920220859055263","False","0.007159567729568057","-0.0019999999649268894","0","(-46341467176430250*(-249 + 50*eps)*Log[(-22225920220859055263*(-249 + 50*eps))/(249*(22225920220859055263 + 149453221627512925650*eps))])/((22225920220859055263 + 149453221627512925650*eps)*Log[2]) + ((-54162580230000*(-249 + 50*eps) + 29644995824528040*(349 + 4950*eps))*Log[(22225920220859055263*(-54162580230000*(-249 + 50*eps) + 29644995824528040*(349 + 4950*eps)))/(10359590025237555960*(22225920220859055263 + 149453221627512925650*eps))])/((22225920220859055263 + 149453221627512925650*eps)*Log[2]) + ((-46287304596200250*(-249 + 50*eps) + 30660118557034937*(349 + 4950*eps))*Log[(-46287304596200250*(-249 + 50*eps) + 30660118557034937*(349 + 4950*eps))/(22225920220859055263 + 149453221627512925650*eps)])/((22225920220859055263 + 149453221627512925650*eps)*Log[2])","False","0.0005226725784443503","-0.0020000000000000005","0"
../../psi/psi-mirror/zixins_tests/probmods_webppl_to_psi/ch03_conditioning_math/medical_diagnosis_math5.m,,,,,,"(3960000000*Abs[-465027489233324989*eps*(17113956750 + 13128906581849*Boole[r1 >= 1]) + eps*(5930633878833571859909529235125 + 182627045640843785563856515286*Boole[r1 >= 1])*Boole[r2 >= 1]])/(22225920220859055263*(22225920220859055263 + 2314483945674136572600*eps))","False","0.025848841344182694","-0.0005","1.","(23846911710549815260658171671361280000000*Abs[eps])/(22225920220859055263*(22225920220859055263 + 2314483945674136572600*eps))","False","0.025462738281819716","-0.0005","0.","(-52126012601582040*(-199 + 200*eps)*Log[(-22225920220859055263*(-199 + 200*eps))/(199*(22225920220859055263 + 2314483945674136572600*eps))])/((22225920220859055263 + 2314483945674136572600*eps)*Log[2]) + ((-67771268730000*(-199 + 200*eps) + 6162750*(1868005738019 + 365983423363800*eps))*Log[(22225920220859055263*(-67771268730000*(-199 + 200*eps) + 6162750*(1868005738019 + 365983423363800*eps)))/(11525538844453862250*(22225920220859055263 + 2314483945674136572600*eps))])/((22225920220859055263 + 2314483945674136572600*eps)*Log[2]) + ((-52058241332852040*(-199 + 200*eps) + 6162750*(1868005738019 + 365983423363800*eps) + 349*(1015122732506897 + 198943414342259400*eps))*Log[(-52058241332852040*(-199 + 200*eps) + 6162750*(1868005738019 + 365983423363800*eps) + 349*(1015122732506897 + 198943414342259400*eps))/(22225920220859055263 + 2314483945674136572600*eps)])/((22225920220859055263 + 2314483945674136572600*eps)*Log[2])","False","0.0031147213003872632","-0.0005","0."
../../psi/psi-mirror/zixins_tests/probmods_webppl_to_psi/ch03_conditioning_math/medical_diagnosis_math6.m,,,,,,"(497500000*Abs[(eps*(3081375*(-214322647392303892228 + 158833140818708441828593*Boole[r2 >= 1]) + 349*Boole[r1 >= 1]*(-1442326080629987090995537412 + 41855992255662550784458037*Boole[r2 >= 1])))/(22225920220859055263 + 23941277906399353800*eps)])/22225920220859055263","False","0.0005081593709589077","-0.001","1.","(247122349119583267925605669708671250000*Abs[eps/(22225920220859055263 + 23941277906399353800*eps)])/22225920220859055263","False","0.0005007956853298895","-0.0009999999824634447","0","(-49055490000*(-274923 + 5200*eps)*Log[(-22225920220859055263*(-274923 + 5200*eps))/(274923*(22225920220859055263 + 23941277906399353800*eps))])/((22225920220859055263 + 23941277906399353800*eps)*Log[2]) + (6162750*(1868005738019 + 3789817809400*eps - 7960*(-274923 + 5200*eps))*Log[(22225920220859055263*(1868005738019 + 3789817809400*eps - 7960*(-274923 + 5200*eps)))/(1870194125099*(22225920220859055263 + 23941277906399353800*eps))])/((22225920220859055263 + 23941277906399353800*eps)*Log[2]) + ((-49055490000*(-274923 + 5200*eps) - 2778040*(-3724245706599 + 44190682600*eps))*Log[(22225920220859055263*(-49055490000*(-274923 + 5200*eps) - 2778040*(-3724245706599 + 44190682600*eps)))/(10359590025237555960*(22225920220859055263 + 23941277906399353800*eps))])/((22225920220859055263 + 23941277906399353800*eps)*Log[2]) + ((6162750*(1868005738019 + 3789817809400*eps - 7960*(-274923 + 5200*eps)) + 349*(1015122732506897 + 2030363249162200*eps - 7960*(-3724245706599 + 44190682600*eps)))*Log[(6162750*(1868005738019 + 3789817809400*eps - 7960*(-274923 + 5200*eps)) + 349*(1015122732506897 + 2030363249162200*eps - 7960*(-3724245706599 + 44190682600*eps)))/(22225920220859055263 + 23941277906399353800*eps)])/((22225920220859055263 + 23941277906399353800*eps)*Log[2])","False","0.000023906114072369902","-0.0010000000000000002","0"
../../psi/psi-mirror/zixins_tests/probmods_webppl_to_psi/ch03_conditioning_math/medical_diagnosis_math7.m,,,,,,"(3007125000*Abs[(eps*(2443*Boole[r1 >= 1]*(-196261203326171007920763148 + 7187163365198802092116673*Boole[r2 >= 1]) + 2075*(-3030121765965260350506188 + 225636328813991814008040327*Boole[r2 >= 1])))/(355614723533744884208 + 194647633055548063965*eps)])/22225920220859055263","False","0.0037371327283031506","-0.020000000000000004","1.","(1434321950348039868841220788669985812500*Abs[eps/(355614723533744884208 + 194647633055548063965*eps)])/22225920220859055263","False","0.003669590798625367","-0.019999999998474738","0","(4856493510000*(44432 + 199485*eps)*Log[(22225920220859055263*(44432 + 199485*eps))/(2777*(355614723533744884208 + 194647633055548063965*eps))])/((355614723533744884208 + 194647633055548063965*eps)*Log[2]) + (6162750*(29888091808304 + 6080563197045*eps + 788040*(44432 + 199485*eps))*Log[(22225920220859055263*(29888091808304 + 6080563197045*eps + 788040*(44432 + 199485*eps)))/(1870194125099*(355614723533744884208 + 194647633055548063965*eps))])/((355614723533744884208 + 194647633055548063965*eps)*Log[2]) + ((4856493510000*(44432 + 199485*eps) + 275025960*(601898296016 + 565324041555*eps))*Log[(22225920220859055263*(4856493510000*(44432 + 199485*eps) + 275025960*(601898296016 + 565324041555*eps)))/(10359590025237555960*(355614723533744884208 + 194647633055548063965*eps))])/((355614723533744884208 + 194647633055548063965*eps)*Log[2]) + ((6162750*(29888091808304 + 6080563197045*eps + 788040*(44432 + 199485*eps)) + 349*(788040*(601898296016 + 565324041555*eps) + 7*(2320280531444336 + 297608418081405*eps)))*Log[(6162750*(29888091808304 + 6080563197045*eps + 788040*(44432 + 199485*eps)) + 349*(788040*(601898296016 + 565324041555*eps) + 7*(2320280531444336 + 297608418081405*eps)))/(355614723533744884208 + 194647633055548063965*eps)])/((355614723533744884208 + 194647633055548063965*eps)*Log[2])","False","0.00036729778083505714","0.020000000000000004","0"
../../psi/psi-mirror/zixins_tests/probmods_webppl_to_psi/ch03_conditioning_math/medical_diagnosis_math8.m,,,,,,"(1002375000*Abs[(eps*(349*Boole[r1 >= 1]*(-937816871668441374629636 + 67543981765419110746571*Boole[r2 >= 1]) + 1245*(-7114192157265953475716 + 251070207077872194516029*Boole[r2 >= 1])))/(22225920220859055263 + 134049681497560131*eps)])/22225920220859055263","False","0.000017055173001291185","-0.025","1.","(325139208607512806225602359768187500*Abs[eps/(22225920220859055263 + 134049681497560131*eps)])/22225920220859055263","False","0.00001645717695539612","-0.0249999999980934","0","(4856493510000*(2777 + 99*eps)*Log[(22225920220859055263*(2777 + 99*eps))/(2777*(22225920220859055263 + 134049681497560131*eps))])/((22225920220859055263 + 134049681497560131*eps)*Log[2]) + (6162750*(1868005738019 + 8978879403*eps + 788040*(2777 + 99*eps))*Log[(22225920220859055263*(1868005738019 + 8978879403*eps + 788040*(2777 + 99*eps)))/(1870194125099*(22225920220859055263 + 134049681497560131*eps))])/((22225920220859055263 + 134049681497560131*eps)*Log[2]) + ((4856493510000*(2777 + 99*eps) + 275025960*(37618643501 + 280557837*eps))*Log[(22225920220859055263*(4856493510000*(2777 + 99*eps) + 275025960*(37618643501 + 280557837*eps)))/(10359590025237555960*(22225920220859055263 + 134049681497560131*eps))])/((22225920220859055263 + 134049681497560131*eps)*Log[2]) + ((6162750*(1868005738019 + 8978879403*eps + 788040*(2777 + 99*eps)) + 349*(788040*(37618643501 + 280557837*eps) + 7*(145017533215271 + 439464241827*eps)))*Log[(6162750*(1868005738019 + 8978879403*eps + 788040*(2777 + 99*eps)) + 349*(788040*(37618643501 + 280557837*eps) + 7*(145017533215271 + 439464241827*eps)))/(22225920220859055263 + 134049681497560131*eps)])/((22225920220859055263 + 134049681497560131*eps)*Log[2])","False","3.0221894310663607*^-6","0.025","0"
../../psi/psi-mirror/zixins_tests/probmods_webppl_to_psi/ch03_conditioning_math/medical_diagnosis_math9.m,,,,,,"0","True","0.","-0.010000000000000002","0.","0","True","0","0","0","0","True","0","0","0"
../../psi/psi-mirror/zixins_tests/probmods_webppl_to_psi/ch03_conditioning_math/medical_diagnosis_math10.m,,,,,,"(495000000000*Abs[(eps*(18675*(-322940534279337588504 + 467083291042041146123*Boole[r2 >= 1]) + 349*Boole[r1 >= 1]*(-9069340827981377263052 + 1356257783444159674127*Boole[r2 >= 1])))/(22225920220859055263 + 904028872890552630*eps)])/22225920220859055263","False","0.00009218637682913891","-0.010000000000000002","1.","(4434926484493456512156182317500000000*Abs[eps/(22225920220859055263 + 904028872890552630*eps)])/22225920220859055263","False","0.00008981390893942464","-0.009999999824634459","0","(13486482477270000*(1 + 10*eps)*Log[(22225920220859055263*(1 + 10*eps))/(22225920220859055263 + 904028872890552630*eps)])/((22225920220859055263 + 904028872890552630*eps)*Log[2]) + (6162750*(1868005738019 + 44457380190*eps + 2188387080*(1 + 10*eps))*Log[(22225920220859055263*(1868005738019 + 44457380190*eps + 2188387080*(1 + 10*eps)))/(1870194125099*(22225920220859055263 + 904028872890552630*eps))])/((22225920220859055263 + 904028872890552630*eps)*Log[2]) + ((13486482477270000*(1 + 10*eps) + 275025960*(37618643501 + 1786435010*eps))*Log[(22225920220859055263*(13486482477270000*(1 + 10*eps) + 275025960*(37618643501 + 1786435010*eps)))/(10359590025237555960*(22225920220859055263 + 904028872890552630*eps))])/((22225920220859055263 + 904028872890552630*eps)*Log[2]) + ((6162750*(1868005738019 + 44457380190*eps + 2188387080*(1 + 10*eps)) + 349*(788040*(37618643501 + 1786435010*eps) + 7*(145017533215271 + 1583432152710*eps)))*Log[(6162750*(1868005738019 + 44457380190*eps + 2188387080*(1 + 10*eps)) + 349*(788040*(37618643501 + 1786435010*eps) + 7*(145017533215271 + 1583432152710*eps)))/(22225920220859055263 + 904028872890552630*eps)])/((22225920220859055263 + 904028872890552630*eps)*Log[2])","False","0.00018535464192069028","0.010000000000000002","0"
../../psi/psi-mirror/zixins_tests/probmods_webppl_to_psi/ch03_conditioning_math/medical_diagnosis_math11.m,,,,,,"(200475000*Abs[(eps*(349*Boole[r1 >= 1]*(-518116336455162775087720876 + 19077378776663790212889301*Boole[r2 >= 1]) + 6225*(-383211590843948764735596 + 28361459981172646872577559*Boole[r2 >= 1])))/(22225920220859055263 + 4949971877324676681*eps)])/22225920220859055263","False","0.0037594008079570524","-0.05","1.","(36061260764080692224921521191604762500*Abs[eps/(22225920220859055263 + 4949971877324676681*eps)])/22225920220859055263","False","0.003691090206285682","-0.0499999999961868","0","(4856493510000*(2777 + 5049*eps)*Log[(22225920220859055263*(2777 + 5049*eps))/(2777*(22225920220859055263 + 4949971877324676681*eps))])/((22225920220859055263 + 4949971877324676681*eps)*Log[2]) + (6162750*(1868005738019 + 157625879553*eps + 788040*(2777 + 5049*eps))*Log[(22225920220859055263*(1868005738019 + 157625879553*eps + 788040*(2777 + 5049*eps)))/(1870194125099*(22225920220859055263 + 4949971877324676681*eps))])/((22225920220859055263 + 4949971877324676681*eps)*Log[2]) + ((4856493510000*(2777 + 5049*eps) + 275025960*(37618643501 + 14308449687*eps))*Log[(22225920220859055263*(4856493510000*(2777 + 5049*eps) + 275025960*(37618643501 + 14308449687*eps)))/(10359590025237555960*(22225920220859055263 + 4949971877324676681*eps))])/((22225920220859055263 + 4949971877324676681*eps)*Log[2]) + ((6162750*(1868005738019 + 157625879553*eps + 788040*(2777 + 5049*eps)) + 349*(788040*(37618643501 + 14308449687*eps) + 7*(145017533215271 + 7714875603177*eps)))*Log[(6162750*(1868005738019 + 157625879553*eps + 788040*(2777 + 5049*eps)) + 349*(788040*(37618643501 + 14308449687*eps) + 7*(145017533215271 + 7714875603177*eps)))/(22225920220859055263 + 4949971877324676681*eps)])/((22225920220859055263 + 4949971877324676681*eps)*Log[2])","False","0.0003714414128816567","0.05","0"
../../psi/psi-mirror/zixins_tests/probmods_webppl_to_psi/ch03_conditioning_math/medical_diagnosis_math12.m,,,,,,"(6996577500*Abs[(eps*(22143407106413361*(2188387080 + 1868005738019*Boole[r2 >= 1]) + Boole[r1 >= 1]*(-42312713887503517930267097480 + 900244007413803063028049741*Boole[r2 >= 1])))/(22225920220859055263 + 25139436766714831410*eps)])/22225920220859055263","False","0.018588878759525536","-0.03","1.","(292894868465854020871646775875493986250*Abs[eps/(22225920220859055263 + 25139436766714831410*eps)])/22225920220859055263","False","0.018412217015443155","-0.02999999999771208","0","(11539025326931132250*Log[22225920220859055263/(22225920220859055263 + 25139436766714831410*eps)])/((22225920220859055263 + 25139436766714831410*eps)*Log[2]) + ((13486482477270000 + 275025960*(37618643501 + 90980898570*eps))*Log[(22225920220859055263*(13486482477270000 + 275025960*(37618643501 + 90980898570*eps)))/(10359590025237555960*(22225920220859055263 + 25139436766714831410*eps))])/((22225920220859055263 + 25139436766714831410*eps)*Log[2]) + ((11525538844453862250 + 349*(1015122732506897 + 336182796097290*eps + 788040*(37618643501 + 90980898570*eps)))*Log[(11525538844453862250 + 349*(1015122732506897 + 336182796097290*eps + 788040*(37618643501 + 90980898570*eps)))/(22225920220859055263 + 25139436766714831410*eps)])/((22225920220859055263 + 25139436766714831410*eps)*Log[2])","False","0.0013452258134798052","0.02999873934362625","0."
../../psi/psi-mirror/zixins_tests/probmods_webppl_to_psi/ch03_conditioning_math/medical_diagnosis_math13.m,,,,,,"(24455811600*Abs[-463488659174231*eps*(17113956750 + 13128906581849*Boole[r1 >= 1]) + eps*(6052598399422015739238687375 + 40433033490136813962954994*Boole[r1 >= 1])*Boole[r2 >= 1]])/(22225920220859055263*(22225920220859055263 + 14383776619843668990*eps))","False","0.022117077078955244","-0.06999999999999999","1.","(148515617471452004001307204230570115200*Abs[eps])/(22225920220859055263*(22225920220859055263 + 14383776619843668990*eps))","False","0.02204369320185382","-0.06999999999466151","0","(10373076507714825960*Log[22225920220859055263/(22225920220859055263 + 14383776619843668990*eps)])/((22225920220859055263 + 14383776619843668990*eps)*Log[2]) + (6162750*(1870194125099 + 2289564198270*eps)*Log[(22225920220859055263*(1870194125099 + 2289564198270*eps))/(1870194125099*(22225920220859055263 + 14383776619843668990*eps))])/((22225920220859055263 + 14383776619843668990*eps)*Log[2]) + ((6162750*(1870194125099 + 2289564198270*eps) + 349*(29644995824528040 + 7*(145017533215271 + 112060932032430*eps)))*Log[(6162750*(1870194125099 + 2289564198270*eps) + 349*(29644995824528040 + 7*(145017533215271 + 112060932032430*eps)))/(22225920220859055263 + 14383776619843668990*eps)])/((22225920220859055263 + 14383776619843668990*eps)*Log[2])","False","0.0017204735537188383","-0.06999999999999999","0"
../../psi/psi-mirror/zixins_tests/probmods_webppl_to_psi/ch03_conditioning_math/medical_diagnosis_math14.m,,,,,,"(247500000*Abs[(eps*(56025*(-174419587328092423753172 + 1260244216116559462668813*Boole[r2 >= 1]) + 349*Boole[r1 >= 1]*(-181817621835441923101057948 + 7510100838668668501491223*Boole[r2 >= 1])))/(22225920220859055263 + 2350809067101156300*eps)])/22225920220859055263","False","0.00003669172920086683","-0.001","1.","(17799134464058786821008790517778750000*Abs[eps/(22225920220859055263 + 2350809067101156300*eps)])/22225920220859055263","False","0.0000360350651281908","-0.0009999999824634447","0","(4856493510000*(2777 + 22700*eps)*Log[(22225920220859055263*(2777 + 22700*eps))/(2777*(22225920220859055263 + 2350809067101156300*eps))])/((22225920220859055263 + 2350809067101156300*eps)*Log[2]) + (6162750*(1868005738019 + 69998241900*eps + 788040*(2777 + 22700*eps))*Log[(22225920220859055263*(1868005738019 + 69998241900*eps + 788040*(2777 + 22700*eps)))/(1870194125099*(22225920220859055263 + 2350809067101156300*eps))])/((22225920220859055263 + 2350809067101156300*eps)*Log[2]) + ((4856493510000*(2777 + 22700*eps) + 275025960*(37618643501 + 6548110100*eps))*Log[(22225920220859055263*(4856493510000*(2777 + 22700*eps) + 275025960*(37618643501 + 6548110100*eps)))/(10359590025237555960*(22225920220859055263 + 2350809067101156300*eps))])/((22225920220859055263 + 2350809067101156300*eps)*Log[2]) + ((6162750*(1868005738019 + 69998241900*eps + 788040*(2777 + 22700*eps)) + 349*(788040*(37618643501 + 6548110100*eps) + 7*(145017533215271 + 3391212737100*eps)))*Log[(6162750*(1868005738019 + 69998241900*eps + 788040*(2777 + 22700*eps)) + 349*(788040*(37618643501 + 6548110100*eps) + 7*(145017533215271 + 3391212737100*eps)))/(22225920220859055263 + 2350809067101156300*eps)])/((22225920220859055263 + 2350809067101156300*eps)*Log[2])","False","0.000016051213297956167","0.001","0"
../../psi/psi-mirror/zixins_tests/probmods_webppl_to_psi/ch03_conditioning_math/medical_diagnosis_math15.m,,,,,,"0","True","0.","-0.03","0.","0","True","0","0","0","0","True","0","0","0"
../../psi/psi-mirror/zixins_tests/probmods_webppl_to_psi/ch03_conditioning_math/medical_diagnosis_math16.m,,,,,,"0","True","0.","-0.05","0.","0","True","0","0","0","0","True","0","0","0"
../../psi/psi-mirror/zixins_tests/probmods_webppl_to_psi/ch03_conditioning_math/medical_diagnosis_math17.m,,,,,,"0","True","0.","-0.020000000000000004","0.","0","True","0","0","0","0","True","0","0","0"
../../psi/psi-mirror/zixins_tests/probmods_webppl_to_psi/ch03_conditioning_math/medical_diagnosis_math18.m,,,,,,"0","True","0.","-0.001","0.","0","True","0","0","0","0","True","0","0","0"
../../psi/psi-mirror/zixins_tests/probmods_webppl_to_psi/ch03_conditioning_math/medical_diagnosis_math19.m,,,,,,"(388698750*Abs[(eps*(413042256013648581*(2188387080 + 1868005738019*Boole[r2 >= 1]) + Boole[r1 >= 1]*(-781764733435900254649524216520 + 9295532821537575303386382001*Boole[r2 >= 1])))/(22225920220859055263 + 26051520605198196645*eps)])/22225920220859055263","False","0.02578587903256843","-0.04000000000000001","1.","(302064393686459819807723172330647750625*Abs[eps/(22225920220859055263 + 26051520605198196645*eps)])/22225920220859055263","False","0.025662247550665273","-0.039999999996949476","0","(11539025326931132250*Log[22225920220859055263/(22225920220859055263 + 26051520605198196645*eps)])/((22225920220859055263 + 26051520605198196645*eps)*Log[2]) + ((13486482477270000 + 275025960*(37618643501 + 93805066665*eps))*Log[(22225920220859055263*(13486482477270000 + 275025960*(37618643501 + 93805066665*eps)))/(10359590025237555960*(22225920220859055263 + 26051520605198196645*eps))])/((22225920220859055263 + 26051520605198196645*eps)*Log[2]) + ((11525538844453862250 + 349*(788040*(37618643501 + 93805066665*eps) + 7*(145017533215271 + 103435158736215*eps)))*Log[(11525538844453862250 + 349*(788040*(37618643501 + 93805066665*eps) + 7*(145017533215271 + 103435158736215*eps)))/(22225920220859055263 + 26051520605198196645*eps)])/((22225920220859055263 + 26051520605198196645*eps)*Log[2])","False","0.0019262675692273204","0.03999893314769094","0."
../../psi/psi-mirror/zixins_tests/probmods_webppl_to_psi/ch03_conditioning_math/medical_diagnosis_math20.m,,,,,,"(213840*Abs[85793935390400293989*eps*(17113956750 + 13128906581849*Boole[r1 >= 1]) + eps*(-1134902158500304464031524412405750 + 7053321770866583912042690224339*Boole[r1 >= 1])*Boole[r2 >= 1]])/(22225920220859055263*(22225920220859055263 + 23280766387344803394*eps))","False","0.025887983178486892","-0.05","0","(241933336409964051436625575910059254120*Abs[eps])/(22225920220859055263*(22225920220859055263 + 23280766387344803394*eps))","False","0.025840968971561164","-0.0499999999961868","0","(10373076507714825960*Log[22225920220859055263/(22225920220859055263 + 23280766387344803394*eps)])/((22225920220859055263 + 23280766387344803394*eps)*Log[2]) + (6162750*(1870194125099 + 3728454971562*eps)*Log[(22225920220859055263*(1870194125099 + 3728454971562*eps))/(1870194125099*(22225920220859055263 + 23280766387344803394*eps))])/((22225920220859055263 + 23280766387344803394*eps)*Log[2]) + ((6162750*(1870194125099 + 3728454971562*eps) + 349*(29644995824528040 + 7*(145017533215271 + 124122190483458*eps)))*Log[(6162750*(1870194125099 + 3728454971562*eps) + 349*(29644995824528040 + 7*(145017533215271 + 124122190483458*eps)))/(22225920220859055263 + 23280766387344803394*eps)])/((22225920220859055263 + 23280766387344803394*eps)*Log[2])","False","0.0018224163591460112","-0.05","0"
../../psi/psi-mirror/zixins_tests/probmods_webppl_to_psi/ch03_conditioning_math/medical_diagnosis_math21.m,,,,,,"(594000000*Abs[(eps*(349*Boole[r1 >= 1]*(34808616538597307275535167 + 5408296399696218314763148*Boole[r2 >= 1]) + 415*(-121371752911986598475798190 + 87550782754240958882993101*Boole[r2 >= 1])))/(22225920220859055263 + 4122464826655056300*eps)])/22225920220859055263","False","0.000060577761936361036","-0.001","0","(30479936957051528507249156396544000000*Abs[eps/(22225920220859055263 + 4122464826655056300*eps)])/22225920220859055263","False","0.0000617127806060624","-0.0009999999824634447","0","(13486482477270000*(1 + 100*eps)*Log[(22225920220859055263*(1 + 100*eps))/(22225920220859055263 + 4122464826655056300*eps)])/((22225920220859055263 + 4122464826655056300*eps)*Log[2]) + (6162750*(1868005738019 + 188912611900*eps + 2188387080*(1 + 100*eps))*Log[(22225920220859055263*(1868005738019 + 188912611900*eps + 2188387080*(1 + 100*eps)))/(1870194125099*(22225920220859055263 + 4122464826655056300*eps))])/((22225920220859055263 + 4122464826655056300*eps)*Log[2]) + ((13486482477270000*(1 + 100*eps) + 275025960*(37618643501 + 5797010100*eps))*Log[(22225920220859055263*(13486482477270000*(1 + 100*eps) + 275025960*(37618643501 + 5797010100*eps)))/(10359590025237555960*(22225920220859055263 + 4122464826655056300*eps))])/((22225920220859055263 + 4122464826655056300*eps)*Log[2]) + ((6162750*(1868005738019 + 188912611900*eps + 2188387080*(1 + 100*eps)) + 349*(788040*(37618643501 + 5797010100*eps) + 7*(145017533215271 + 6249329537100*eps)))*Log[(6162750*(1868005738019 + 188912611900*eps + 2188387080*(1 + 100*eps)) + 349*(788040*(37618643501 + 5797010100*eps) + 7*(145017533215271 + 6249329537100*eps)))/(22225920220859055263 + 4122464826655056300*eps)])/((22225920220859055263 + 4122464826655056300*eps)*Log[2])","False","0.00018222411763359724","0.001","0"
../../psi/psi-mirror/zixins_tests/probmods_webppl_to_psi/ch03_conditioning_math/medical_diagnosis_math22.m,,,,,,"(388698750*Abs[(eps*(413042256013648581*(2188387080 + 1868005738019*Boole[r2 >= 1]) + Boole[r1 >= 1]*(-781764733435900254649524216520 + 9295532821537575303386382001*Boole[r2 >= 1])))/(22225920220859055263 + 26051520605198196645*eps)])/22225920220859055263","False","0.02578587903256843","-0.04000000000000001","1.","(302064393686459819807723172330647750625*Abs[eps/(22225920220859055263 + 26051520605198196645*eps)])/22225920220859055263","False","0.025662247550665273","-0.039999999996949476","0","(11539025326931132250*Log[22225920220859055263/(22225920220859055263 + 26051520605198196645*eps)])/((22225920220859055263 + 26051520605198196645*eps)*Log[2]) + ((13486482477270000 + 275025960*(37618643501 + 93805066665*eps))*Log[(22225920220859055263*(13486482477270000 + 275025960*(37618643501 + 93805066665*eps)))/(10359590025237555960*(22225920220859055263 + 26051520605198196645*eps))])/((22225920220859055263 + 26051520605198196645*eps)*Log[2]) + ((11525538844453862250 + 349*(788040*(37618643501 + 93805066665*eps) + 7*(145017533215271 + 103435158736215*eps)))*Log[(11525538844453862250 + 349*(788040*(37618643501 + 93805066665*eps) + 7*(145017533215271 + 103435158736215*eps)))/(22225920220859055263 + 26051520605198196645*eps)])/((22225920220859055263 + 26051520605198196645*eps)*Log[2])","False","0.0019262675692273204","0.03999893314769094","0."
../../psi/psi-mirror/zixins_tests/probmods_webppl_to_psi/ch03_conditioning_math/medical_diagnosis_math23.m,,,,,,"(213840*Abs[85793935390400293989*eps*(17113956750 + 13128906581849*Boole[r1 >= 1]) + eps*(-1134902158500304464031524412405750 + 7053321770866583912042690224339*Boole[r1 >= 1])*Boole[r2 >= 1]])/(22225920220859055263*(22225920220859055263 + 23280766387344803394*eps))","False","0.025887983178486892","-0.05","0","(241933336409964051436625575910059254120*Abs[eps])/(22225920220859055263*(22225920220859055263 + 23280766387344803394*eps))","False","0.025840968971561164","-0.0499999999961868","0","(10373076507714825960*Log[22225920220859055263/(22225920220859055263 + 23280766387344803394*eps)])/((22225920220859055263 + 23280766387344803394*eps)*Log[2]) + (6162750*(1870194125099 + 3728454971562*eps)*Log[(22225920220859055263*(1870194125099 + 3728454971562*eps))/(1870194125099*(22225920220859055263 + 23280766387344803394*eps))])/((22225920220859055263 + 23280766387344803394*eps)*Log[2]) + ((6162750*(1870194125099 + 3728454971562*eps) + 349*(29644995824528040 + 7*(145017533215271 + 124122190483458*eps)))*Log[(6162750*(1870194125099 + 3728454971562*eps) + 349*(29644995824528040 + 7*(145017533215271 + 124122190483458*eps)))/(22225920220859055263 + 23280766387344803394*eps)])/((22225920220859055263 + 23280766387344803394*eps)*Log[2])","False","0.0018224163591460112","-0.05","0"
../../psi/psi-mirror/zixins_tests/probmods_webppl_to_psi/ch03_conditioning_math/medical_diagnosis_math24.m,,,,,,"(594000000*Abs[(eps*(349*Boole[r1 >= 1]*(34808616538597307275535167 + 5408296399696218314763148*Boole[r2 >= 1]) + 415*(-121371752911986598475798190 + 87550782754240958882993101*Boole[r2 >= 1])))/(22225920220859055263 + 4122464826655056300*eps)])/22225920220859055263","False","0.000060577761936361036","-0.001","0","(30479936957051528507249156396544000000*Abs[eps/(22225920220859055263 + 4122464826655056300*eps)])/22225920220859055263","False","0.0000617127806060624","-0.0009999999824634447","0","(13486482477270000*(1 + 100*eps)*Log[(22225920220859055263*(1 + 100*eps))/(22225920220859055263 + 4122464826655056300*eps)])/((22225920220859055263 + 4122464826655056300*eps)*Log[2]) + (6162750*(1868005738019 + 188912611900*eps + 2188387080*(1 + 100*eps))*Log[(22225920220859055263*(1868005738019 + 188912611900*eps + 2188387080*(1 + 100*eps)))/(1870194125099*(22225920220859055263 + 4122464826655056300*eps))])/((22225920220859055263 + 4122464826655056300*eps)*Log[2]) + ((13486482477270000*(1 + 100*eps) + 275025960*(37618643501 + 5797010100*eps))*Log[(22225920220859055263*(13486482477270000*(1 + 100*eps) + 275025960*(37618643501 + 5797010100*eps)))/(10359590025237555960*(22225920220859055263 + 4122464826655056300*eps))])/((22225920220859055263 + 4122464826655056300*eps)*Log[2]) + ((6162750*(1868005738019 + 188912611900*eps + 2188387080*(1 + 100*eps)) + 349*(788040*(37618643501 + 5797010100*eps) + 7*(145017533215271 + 6249329537100*eps)))*Log[(6162750*(1868005738019 + 188912611900*eps + 2188387080*(1 + 100*eps)) + 349*(788040*(37618643501 + 5797010100*eps) + 7*(145017533215271 + 6249329537100*eps)))/(22225920220859055263 + 4122464826655056300*eps)])/((22225920220859055263 + 4122464826655056300*eps)*Log[2])","False","0.00018222411763359724","0.001","0"
../../psi/psi-mirror/zixins_tests/probmods_webppl_to_psi/ch05_models_for_sequences_of_observations_math/exchangeable_sequences_math1.m,"Abs[53/90 - (-53 + 90*eps)/(10*(-9 + 10*eps))]","False","0.018300653594771288","0.05","6.4624724516972485","(28*Abs[eps]*(-1 + Boole[r1 >= 1]))/(-81 + 90*eps)","False","0.018300566514113093","0.049999775300742344","0.","(-14*Abs[eps])/(-81 + 90*eps)","False","0.009150237834030293","0.049999540885293264","0.","((-37 + 10*eps)*Log[(333 - 90*eps)/(333 - 370*eps)])/(10*(-9 + 10*eps)*Log[2])","False","0.026981381048007708","0.04999999976629538","0"
../../psi/psi-mirror/zixins_tests/probmods_webppl_to_psi/ch05_models_for_sequences_of_observations_math/exchangeable_sequences_math2.m,"Abs[53/90 - (53 + 90*eps)/(10*(9 + 20*eps))]","False","0.03968253968253965","-0.1","-1.5920959609413434","(25*Abs[(eps*(-1 + Boole[r1 >= 1]))/(9 + 20*eps)])/9","False","0.03968253968253968","-0.1","0","(25*Abs[eps/(9 + 20*eps)])/18","False","0.01984126984126984","-0.1","0","((37 + 110*eps)*Log[(333 + 990*eps)/(333 + 740*eps)])/(10*(9 + 20*eps)*Log[2])","False","0.03752837144606023","0.1","0"
../../psi/psi-mirror/zixins_tests/probmods_webppl_to_psi/ch05_models_for_sequences_of_observations_math/exchangeable_sequences_math3.m,error,,,,,"Abs[eps - eps*Boole[r1 >= 1]]","False","0.1","-0.1","0","Abs[eps]/2","True","0.05","-0.1","0","((37 - 90*eps)*Log[1 - (90*eps)/37])/(90*Log[2])","False","0.1605443906632322","-0.1","0"
../../psi/psi-mirror/zixins_tests/probmods_webppl_to_psi/ch05_models_for_sequences_of_observations_math/polyas_urn_math1.m,,,,,,"(Abs[eps]*(29 - 46*eps + 24*eps^2 + (-1 + 22*eps - 24*eps^2)*Boole[r3 >= 1] + 2*Boole[r2 >= 1]*(1 + 4*(2 - 3*eps)*eps + (-3 + 4*eps*(1 + 3*eps))*Boole[r3 >= 1]) + Boole[r1 >= 1]*(6 + 8*(1 - 3*eps)*eps + 2*(-1 + 4*eps*(2 + 3*eps))*Boole[r3 >= 1] + Boole[r2 >= 1]*(1 + 22*eps + 24*eps^2 - (29 + 46*eps + 24*eps^2)*Boole[r3 >= 1]))))/24","False","0.16166666666666668","-0.1","1.","(((28 - 24*eps)*Abs[eps])/24 + ((29 - 46*eps + 24*eps^2)*Abs[eps])/24 + ((35 - 46*eps + 8*(1 - 3*eps)*eps + 24*eps^2)*Abs[eps])/24 + ((29 - 46*eps + 24*eps^2 + 2*(1 + 4*(2 - 3*eps)*eps))*Abs[eps])/24 + ((36 - 24*eps + 8*(1 - 3*eps)*eps + 48*eps^2 + 2*(1 + 4*(2 - 3*eps)*eps))*Abs[eps])/24 + ((28 - 24*eps + 2*(-2 + 4*(2 - 3*eps)*eps + 4*eps*(1 + 3*eps)))*Abs[eps])/24 + ((34 - 24*eps + 8*(1 - 3*eps)*eps + 2*(-1 + 4*eps*(2 + 3*eps)))*Abs[eps])/24 + ((6 - 48*eps + 8*(1 - 3*eps)*eps + 2*(-2 + 4*(2 - 3*eps)*eps + 4*eps*(1 + 3*eps)) + 2*(-1 + 4*eps*(2 + 3*eps)))*Abs[eps])/24)/2","False","0.48133333333333334","-0.1","0","((-1 + 2*eps)*(-2 + 3*eps)*(-Log[8] + Log[4*(-1 + 2*eps)*(-2 + 3*eps)]))/(6*Log[2]) + ((3 - 4*eps)*(-1 + 2*eps)*(-2 + 3*eps)*(-Log[6] + Log[(3 - 4*eps)*(-1 + 2*eps)*(-2 + 3*eps)]))/(24*Log[2]) + ((4*(-1 + 2*eps)*(-2 + 3*eps) - 4*(1 + 2*eps)*(-1 + 3*eps))*(-Log[12] + Log[4*(-1 + 2*eps)*(-2 + 3*eps) - 4*(1 + 2*eps)*(-1 + 3*eps)]))/(24*Log[2]) + (((3 - 4*eps)*(-1 + 2*eps)*(-2 + 3*eps) - 2*(1 - 2*eps)*(1 + 2*eps)*(-1 + 3*eps))*(-Log[8] + Log[(3 - 4*eps)*(-1 + 2*eps)*(-2 + 3*eps) - 2*(1 - 2*eps)*(1 + 2*eps)*(-1 + 3*eps)]))/(24*Log[2]) + ((-1 + 2*eps)*(4*(-2 + 3*eps) - 4*(1 + 3*eps))*(-Log[12] + Log[(-1 + 2*eps)*(4*(-2 + 3*eps) - 4*(1 + 3*eps))]))/(24*Log[2]) + ((-1 + 2*eps)*((3 - 4*eps)*(-2 + 3*eps) - 2*(1 - 2*eps)*(1 + 3*eps))*(-Log[8] + Log[(-1 + 2*eps)*((3 - 4*eps)*(-2 + 3*eps) - 2*(1 - 2*eps)*(1 + 3*eps))]))/(24*Log[2]) + (((-1 + 2*eps)*(4*(-2 + 3*eps) - 4*(1 + 3*eps)) + (1 + 2*eps)*(-4*(-1 + 3*eps) + 4*(2 + 3*eps)))*(-Log[24] + Log[(-1 + 2*eps)*(4*(-2 + 3*eps) - 4*(1 + 3*eps)) + (1 + 2*eps)*(-4*(-1 + 3*eps) + 4*(2 + 3*eps))]))/(24*Log[2]) + (((-1 + 2*eps)*((3 - 4*eps)*(-2 + 3*eps) - 2*(1 - 2*eps)*(1 + 3*eps)) + (1 + 2*eps)*(-2*(1 - 2*eps)*(-1 + 3*eps) + (1 - 4*eps)*(2 + 3*eps)))*(-Log[12] + Log[(-1 + 2*eps)*((3 - 4*eps)*(-2 + 3*eps) - 2*(1 - 2*eps)*(1 + 3*eps)) + (1 + 2*eps)*(-2*(1 - 2*eps)*(-1 + 3*eps) + (1 - 4*eps)*(2 + 3*eps))]))/(24*Log[2])",
../../psi/psi-mirror/zixins_tests/probmods_webppl_to_psi/ch05_models_for_sequences_of_observations_math/temperature_high_low_math1.m,,,,,,"Abs[eps*(9*(9*(9 + Boole[r4 >= 1]) + 2*Boole[r3 >= 1]*(1 - 5*eps + (4 + 5*eps)*Boole[r4 >= 1])) + Boole[r2 >= 1]*(-2*(-1 + 5*eps)*(9 + Boole[r4 >= 1]) + Boole[r3 >= 1]*(17 - 10*eps*(7 + 10*eps) + (63 + 10*eps*(17 + 10*eps))*Boole[r4 >= 1])) + Boole[r1 >= 1]*(18*(4 + 5*eps)*(9 + Boole[r4 >= 1]) + Boole[r3 >= 1]*(17 - 10*eps*(7 + 10*eps) + (63 + 10*eps*(17 + 10*eps))*Boole[r4 >= 1]) + Boole[r2 >= 1]*((63 + 10*eps*(17 + 10*eps))*(9 + Boole[r4 >= 1]) + 2*Boole[r3 >= 1]*(243 + 20*eps*(54 + 5*eps*(13 + 5*eps)) - 2*(9 + 5*eps)*(81 + 10*eps*(9 + 5*eps))*Boole[r4 >= 1]))))]/1000","False","0.26132925244381044","0.08999998274438989","1.","((2439*Abs[eps])/1000 + (9*Abs[(81 + 2*(1 - 5*eps))*eps])/1000 + Abs[eps*(810 - 20*(-1 + 5*eps))]/1000 + Abs[eps*(729 - 18*(-1 + 5*eps))]/1000 + Abs[eps*(729 + 162*(4 + 5*eps))]/1000 + Abs[eps*(810 + 180*(4 + 5*eps))]/1000 + Abs[eps*(17 + 9*(81 + 2*(1 - 5*eps)) - 18*(-1 + 5*eps) - 10*eps*(7 + 10*eps))]/1000 + Abs[eps*(17 + 9*(81 + 2*(1 - 5*eps)) + 162*(4 + 5*eps) - 10*eps*(7 + 10*eps))]/1000 + Abs[eps*(980 - 20*(-1 + 5*eps) - 10*eps*(7 + 10*eps) + 10*eps*(17 + 10*eps))]/1000 + Abs[eps*(980 + 180*(4 + 5*eps) - 10*eps*(7 + 10*eps) + 10*eps*(17 + 10*eps))]/1000 + Abs[eps*(729 - 18*(-1 + 5*eps) + 162*(4 + 5*eps) + 9*(63 + 10*eps*(17 + 10*eps)))]/1000 + Abs[eps*(810 - 20*(-1 + 5*eps) + 180*(4 + 5*eps) + 10*(63 + 10*eps*(17 + 10*eps)))]/1000 + Abs[eps*(34 + 9*(81 + 2*(1 - 5*eps)) - 18*(-1 + 5*eps) + 162*(4 + 5*eps) - 20*eps*(7 + 10*eps) + 9*(63 + 10*eps*(17 + 10*eps)) + 2*(243 + 20*eps*(54 + 5*eps*(13 + 5*eps))))]/1000 + Abs[eps*(1060 - 20*(-1 + 5*eps) + 180*(4 + 5*eps) - 20*eps*(7 + 10*eps) + 20*eps*(17 + 10*eps) + 10*(63 + 10*eps*(17 + 10*eps)) + 2*(243 - 2*(9 + 5*eps)*(81 + 10*eps*(9 + 5*eps)) + 20*eps*(54 + 5*eps*(13 + 5*eps))))]/1000)/2","False","0.9137533050000001","0.09000000000000001","0.","(-2439*(-1 + 10*eps)*Log[1 - 10*eps])/(10000*Log[2]) + ((-729 - 9*(1 - 10*eps))*(-1 + 10*eps)*Log[((-729 - 9*(1 - 10*eps))*(-1 + 10*eps))/738])/(10000*Log[2]) + ((-1 + 10*eps)*(-729 + 9*(-1 + 10*eps))*Log[((-1 + 10*eps)*(-729 + 9*(-1 + 10*eps)))/738])/(10000*Log[2]) + ((-1 + 10*eps)*(-810 + 10*(-1 + 10*eps))*Log[((-1 + 10*eps)*(-810 + 10*(-1 + 10*eps)))/820])/(10000*Log[2]) + ((-1 + 10*eps)*(-900 + 10*(-1 + 10*eps) - 10*(9 + 10*eps))*Log[((-1 + 10*eps)*(-900 + 10*(-1 + 10*eps) - 10*(9 + 10*eps)))/1000])/(10000*Log[2]) + ((-1 + 10*eps)*(-729 - 9*(1 - 10*eps) + 9*(-1 + 10*eps) - (1 - 10*eps)*(9 + 10*eps))*Log[((-1 + 10*eps)*(-729 - 9*(1 - 10*eps) + 9*(-1 + 10*eps) - (1 - 10*eps)*(9 + 10*eps)))/756])/(10000*Log[2]) + ((-900*(-1 + 10*eps) - 100*(-1 + 10*eps)*(9 + 10*eps))*Log[(-900*(-1 + 10*eps) - 100*(-1 + 10*eps)*(9 + 10*eps))/1800])/(10000*Log[2]) + ((-810*(-1 + 10*eps) - 90*(-1 + 10*eps)*(9 + 10*eps))*Log[(-810*(-1 + 10*eps) - 90*(-1 + 10*eps)*(9 + 10*eps))/1620])/(10000*Log[2]) + ((-729*(-1 + 10*eps) - 81*(-1 + 10*eps)*(9 + 10*eps))*Log[(-729*(-1 + 10*eps) - 81*(-1 + 10*eps)*(9 + 10*eps))/1458])/(10000*Log[2]) + (((-729 - 9*(1 - 10*eps))*(-1 + 10*eps) - (82 - 10*eps)*(-1 + 10*eps)*(9 + 10*eps))*Log[((-729 - 9*(1 - 10*eps))*(-1 + 10*eps) - (82 - 10*eps)*(-1 + 10*eps)*(9 + 10*eps))/1476])/(10000*Log[2]) + (((-1 + 10*eps)*(-810 + 10*(-1 + 10*eps)) + (9 + 10*eps)*(-90*(-1 + 10*eps) - 10*(-1 + 10*eps)*(9 + 10*eps)))*Log[((-1 + 10*eps)*(-810 + 10*(-1 + 10*eps)) + (9 + 10*eps)*(-90*(-1 + 10*eps) - 10*(-1 + 10*eps)*(9 + 10*eps)))/2440])/(10000*Log[2]) + (((-1 + 10*eps)*(-729 + 9*(-1 + 10*eps)) + (9 + 10*eps)*(-81*(-1 + 10*eps) - 9*(-1 + 10*eps)*(9 + 10*eps)))*Log[((-1 + 10*eps)*(-729 + 9*(-1 + 10*eps)) + (9 + 10*eps)*(-81*(-1 + 10*eps) - 9*(-1 + 10*eps)*(9 + 10*eps)))/2196])/(10000*Log[2]) + (((-1 + 10*eps)*(-900 + 10*(-1 + 10*eps) - 10*(9 + 10*eps)) + (9 + 10*eps)*(-100*(-1 + 10*eps) + (9 + 10*eps)*(-10*(-1 + 10*eps) + 10*(9 + 10*eps))))*Log[((-1 + 10*eps)*(-900 + 10*(-1 + 10*eps) - 10*(9 + 10*eps)) + (9 + 10*eps)*(-100*(-1 + 10*eps) + (9 + 10*eps)*(-10*(-1 + 10*eps) + 10*(9 + 10*eps))))/10000])/(10000*Log[2]) + (((-1 + 10*eps)*(-729 - 9*(1 - 10*eps) + 9*(-1 + 10*eps) - (1 - 10*eps)*(9 + 10*eps)) + (9 + 10*eps)*(-((82 - 10*eps)*(-1 + 10*eps)) + (9 + 10*eps)*(-9*(-1 + 10*eps) + (1 - 10*eps)*(9 + 10*eps))))*Log[((-1 + 10*eps)*(-729 - 9*(1 - 10*eps) + 9*(-1 + 10*eps) - (1 - 10*eps)*(9 + 10*eps)) + (9 + 10*eps)*(-((82 - 10*eps)*(-1 + 10*eps)) + (9 + 10*eps)*(-9*(-1 + 10*eps) + (1 - 10*eps)*(9 + 10*eps))))/2952])/(10000*Log[2])",
../../psi/psi-mirror/zixins_tests/probmods_webppl_to_psi/ch02_generative_models_math/flip_math1.m,"Abs[(-1 - 20*eps)/10 + (1 + 10*eps)/10]","True","0.10000000000000003","0.1","6.4624724516972485","Abs[9 - 10*eps + (1 + 10*eps)*Boole[r1 >= 1] - Boole[1 + 20*eps >= 0]*(9 - 20*eps + (1 + 20*eps)*Boole[r1 >= 1])]/10","False","1.","-0.1","0","(Abs[10 - 10*Boole[1 + 20*eps >= 0]]/10 + Abs[9 - 10*eps - (9 - 20*eps)*Boole[1 + 20*eps >= 0]]/10)/2","False","1.","-0.1","0","Piecewise[{{0, eps >= -1/20}}, Indeterminate] + Piecewise[{{((9 - 20*eps)*Log[2 + 9/(-9 + 10*eps)])/Log[1024], eps >= -1/20}}, Indeterminate]","False",error,,
../../psi/psi-mirror/zixins_tests/probmods_webppl_to_psi/ch02_generative_models_math/lung_cancer_math1.m,"Abs[26/125 - (2*(13 + 50*eps))/125]","True","0.0008000000000000229","0.001","6.4624724516972485","(4*Abs[eps*(-1 + Boole[r1 >= 1])])/5","False","0.0008","-0.001","0","(2*Abs[eps])/5","True","0.0004","-0.001","0","((99 - 100*eps)*Log[1 - (100*eps)/99])/(125*Log[2])","False","0.0011547387436323302","-0.001","0"
../../psi/psi-mirror/zixins_tests/probmods_webppl_to_psi/ch02_generative_models_math/lung_cancer_math2.m,"Abs[26/125 + (-104 - 495*eps)/500]","True","0.019800000000000012","0.020000000000000004","6.4624724516972485","(99*Abs[eps*(-1 + Boole[r1 >= 1])])/100","False","0.019800000000000005","-0.020000000000000004","0","(99*Abs[eps])/200","True","0.009900000000000003","-0.020000000000000004","0","(99*(4 - 5*eps)*Log[1 - (5*eps)/4])/(500*Log[2])","False","0.02891948991939949","-0.020000000000000004","0"
../../psi/psi-mirror/zixins_tests/probmods_webppl_to_psi/ch02_generative_models_math/make_coin_math1.m,"Abs[2/5 + (-2 - 3*eps)/5]","True","0.02999999999999997","0.05","6.4624724516972485","(3*Abs[eps*(-1 + Boole[r1 >= 1])])/5","False","0.03","-0.05","0","(3*Abs[eps])/10","True","0.015","-0.05","0","(-3*(-1 + eps)*Log[1 - eps])/Log[32]","False","0.044345276571580744","-0.05","0"
../../psi/psi-mirror/zixins_tests/probmods_webppl_to_psi/ch02_generative_models_math/make_coin_math2.m,"Abs[2/5 + (-4 - 5*eps)/10]","True","0.034999999999999976","0.06999999999999999","6.4624724516972485","-(Abs[eps]*(-1 + Boole[r1 >= 1]))/2","False","0.034999999999999996","-0.06999999999999999","0","Abs[eps]/4","True","0.017499999999999998","-0.06999999999999999","0","((6 - 5*eps)*Log[1 - (5*eps)/6])/Log[1024]","False","0.05193924788891606","-0.06999999999999999","0"
../../psi/psi-mirror/zixins_tests/probmods_webppl_to_psi/ch02_generative_models_math/make_coin_math3.m,"Abs[2/5 + (-4 - 5*eps)/10]","True","0.0050000000000000044","0.010000000000000002","6.4624724516972485","Abs[eps*(-1 + Boole[r1 >= 1])]/2","False","0.005000000000000001","-0.010000000000000002","0","Abs[eps]/4","True","0.0025000000000000005","-0.010000000000000002","0","((6 - 5*eps)*Log[1 - (5*eps)/6])/Log[1024]","False","0.0072434482079759424","-0.010000000000000002","0"
../../psi/psi-mirror/zixins_tests/probmods_webppl_to_psi/ch02_generative_models_math/noisy_double_math1.m,"Abs[9/2 + (3*(-3 + 2*eps))/2]","True","0.15000000000000036","0.05","6.4624724516972485","0","True","0.","-0.05","0.","0","True","0","0","0",""error"",,
../../psi/psi-mirror/zixins_tests/probmods_webppl_to_psi/ch02_generative_models_math/pair_flip_math1.m,,,,,,"Abs[eps*(-1 + Boole[r1 >= 1])*(1 + Boole[r2 >= 1])]/2","False","0.05","-0.05","0","(3*Abs[eps])/4","True","0.037500000000000006","-0.05","0","(3*(1 - 2*eps)*Log[1 - 2*eps])/Log[16]","False","0.1134404070936964","-0.05","0"
../../psi/psi-mirror/zixins_tests/probmods_webppl_to_psi/ch02_generative_models_math/pair_flip_math2.m,,,,,,"Abs[eps*(1 + Boole[r1 >= 1])*(-1 + Boole[r2 >= 1])]/2","False","0.05","-0.05","1.","(3*Abs[eps])/4","True","0.037500000000000006","-0.05","0","(3*(1 - 2*eps)*Log[1 - 2*eps])/Log[16]","False","0.1134404070936964","-0.05","0"
../../psi/psi-mirror/zixins_tests/probmods_webppl_to_psi/ch06_inference_about_inference_math/communication_between_teacher_listener_math1.m,error,,,,,"Piecewise[{{1/20, r1 < 1 && eps != 0}}, 0]","True","0.05","-0.08160761634929807","0","Piecewise[{{1/20, eps != 0}}, 0]/2","True","0.025","-0.08160761634929807","0","Piecewise[{{1/10, eps != 0}}, 0]","True","0.1","-0.08160761634929807","0"
../../psi/psi-mirror/zixins_tests/probmods_webppl_to_psi/ch06_inference_about_inference_math/preferences_math4.m,error,,,,,"Piecewise[{{(4*eps*(51 + 16*eps*(3 + 2*eps)))/205, r1 >= 1}}, (eps*(451 - 16*eps*(-21 + 2*eps*(7 + 32*eps))))/2050]","False","0.","0.","0","((4*eps*(51 + 16*eps*(3 + 2*eps)))/205 + (eps*(451 - 16*eps*(-21 + 2*eps*(7 + 32*eps))))/2050)/2","False","7.73494159243796*^-17","1.2731136302286484*^-16","0","((5 + 4*eps)*(41 + 8*eps*(1 + 4*eps))*Log[((5 + 4*eps)*(41 + 8*eps*(1 + 4*eps)))/205])/(205*Log[2]) - ((-1 + eps)*(461 + 16*eps*(57 + 78*eps + 64*eps^2))*Log[-((-1 + eps)*(461 + 16*eps*(57 + 78*eps + 64*eps^2)))/461])/(2050*Log[2])","False","3.923806805404516*^-16","1.7367818611543766*^-16","0"
../../psi/psi-mirror/zixins_tests/probmods_webppl_to_psi/ch06_inference_about_inference_math/preferences_math5.m,error,,,,,

../../psi/psi-mirror/zixins_tests/probmods_webppl_to_psi/ch08_learning_as_conditional_inference_math/estimating_causal_power_math1.m,"Abs[163/240 + (-163/(4 + eps*(3 + eps*(2 + eps))) - (163*eps)/(4 + eps*(3 + eps*(2 + eps))) - (133*eps^2)/(4 + eps*(3 + eps*(2 + eps))) - (93*eps^3)/(4 + eps*(3 + eps*(2 + eps))) - (48*eps^4)/(4 + eps*(3 + eps*(2 + eps))))/60]","False","0.","0.","9.105000564157171*^29","(eps*(-1 - eps*(1 + eps + eps^2) + r1 + r1^2 + r1^3 + r1^4))/(4*(-1 + eps))","False","2.4037033579794554*^-17","-3.2049378106392736*^-17","1.","((eps*(-1 - eps*(1 + eps + eps^2)))/(4*(-1 + eps)) + (eps*(3 - eps*(1 + eps + eps^2)))/(4*(-1 + eps)))/2","False","0.","0.","0",""error"",,
../../psi/psi-mirror/zixins_tests/probmods_webppl_to_psi/ch08_learning_as_conditional_inference_math/estimating_causal_power_math2.m,error,,,,,
../../psi/psi-mirror/test/fun_math/murderMystery_math1.m,"Abs[9/569 + (3*(3 + 10*eps))/(-569 + 770*eps)]","False","0.002317966396569924","0.03","6.4624724516972485","(24000*Abs[eps]*(-1 + Boole[r1 >= 1]))/(569*(-569 + 770*eps))","False","0.002317876328519647","0.029998881627721363","0.","(-12000*Abs[eps])/(569*(-569 + 770*eps))","False","0.0011588916358770056","0.029997726140947787","0.","(80*(-7 + 10*eps)*Log[(569*(-7 + 10*eps))/(7*(-569 + 770*eps))])/((-569 + 770*eps)*Log[2])","False","0.003086530944976954","-0.03","0"
../../psi/psi-mirror/test/fun_math/murderMystery_math2.m,"Abs[9/569 - (3*(3 + 100*eps))/(569 + 300*eps)]","False","0.0015590833600410171","-0.00299983348486403","1.","(168000*Abs[(eps*(-1 + Boole[r1 >= 1]))/(569 + 300*eps)])/569","False","0.0015591700389390342","-0.003","0","(84000*Abs[eps/(569 + 300*eps)])/569","False","0.0007795850194695171","-0.003","0","(560*Log[569/(569 + 300*eps)])/((569 + 300*eps)*Log[2])","False","0.002251187729734301","-0.0030000000000000005","0"
../../psi/psi-mirror/test/fun_math/murderMystery_math3.m,"Abs[9/569 - 9/(569 + 700*eps)]","False","0.0014172231985940236","0.08000000000000002","1.9348909374090015","(6300*Abs[(eps*(-1 + Boole[r1 >= 1]))/(569 + 700*eps)])/569","False","0.0017266364505287828","-0.08000000000000002","0","(3150*Abs[eps/(569 + 700*eps)])/569","False","0.0008633182252643914","-0.08000000000000002","0","(140*(4 + 5*eps)*Log[(569*(4 + 5*eps))/(4*(569 + 700*eps))])/((569 + 700*eps)*Log[2])","False","0.002046092301365819","0.08000000000000002","0"
